k1,k2,k3,k4,k5,k6,k7,k8,k9,k10,k11,k12,k13,num
3,8,19,0,3,0,14,2,0,0,0,0,0,1
1,1,19,0,3,2,18,1,8,1,0,0,0,0
1,1,19,0,7,0,10,1,0,0,0,0,0,3
1,1,19,0,10,0,12,2,0,1,0,0,0,1
1,2,0,0,14,0,16,1,0,1,0,0,0,6
3,7,0,0,10,2,16,2,0,1,0,0,0,3
3,6,0,1,14,4,15,3,15,1,0,0,0,3
3,10,36,0,26,0,17,3,0,1,0,0,0,0
7,20,37,0,3,2,17,4,8,0,0,0,0,0
7,18,19,0,3,6,13,4,23,1,0,0,0,3
14,27,0,0,7,4,13,4,37,0,0,0,0,2
15,41,0,1,10,2,20,5,44,1,0,0,0,0
27,59,37,2,3,8,25,7,60,0,0,0,0,0
24,46,0,1,3,27,23,13,92,1,0,4,0,1
28,51,0,4,7,23,16,19,100,1,0,0,0,0
19,43,38,3,10,49,21,20,15,0,0,0,0,0
19,36,0,3,7,22,13,17,39,1,0,0,0,2
15,29,0,2,10,27,14,15,15,0,0,0,0,1
14,29,0,1,10,16,22,17,43,1,0,0,0,4
14,23,0,4,14,31,22,14,8,0,0,4,0,8
16,28,39,4,21,40,27,15,24,0,0,7,0,12
11,17,19,4,10,20,23,12,39,1,0,4,0,6
27,56,0,3,14,16,19,11,0,0,0,0,0,7
23,65,0,2,10,25,17,11,0,0,0,0,0,8
17,39,38,3,7,16,12,9,31,0,0,0,0,10
17,33,56,4,0,10,19,9,23,1,0,0,0,10
15,32,19,10,3,11,19,9,0,1,0,0,26,15
19,36,37,8,17,13,13,8,7,1,0,4,21,26
36,79,0,16,10,15,17,8,30,1,0,0,32,12
36,72,0,9,7,27,21,8,8,1,0,0,32,13
29,47,0,4,10,13,16,8,38,1,0,7,38,11
23,46,18,4,10,18,13,8,15,1,0,14,10,18
25,44,18,6,13,21,31,11,30,1,0,4,48,25
23,30,37,5,20,28,22,12,30,0,0,0,27,19
23,33,0,6,0,35,17,12,15,0,0,0,27,9
29,42,0,8,17,28,25,13,30,1,0,11,27,14
37,57,56,8,7,38,38,14,53,0,0,7,38,18
37,67,0,10,10,38,21,13,52,1,0,7,16,19
39,64,0,11,20,34,13,13,30,1,0,7,16,36
50,78,73,15,3,43,17,17,44,0,0,10,42,32
58,80,18,27,10,100,27,21,37,1,0,24,10,56
59,84,18,30,7,80,27,25,37,1,0,17,36,44
66,87,37,23,10,60,25,28,22,1,0,11,43,33
64,91,19,27,10,58,26,30,61,1,0,33,32,28
65,81,18,27,0,62,16,26,30,1,0,4,53,59
58,64,37,12,7,30,14,23,30,1,0,25,47,53
51,55,54,22,3,29,14,20,44,0,0,31,31,56
46,55,0,15,10,35,25,22,15,0,0,21,36,34
44,51,0,20,13,41,11,23,14,1,0,27,15,63
41,43,0,20,13,23,16,26,57,1,0,13,87,31
39,42,54,21,7,48,14,23,7,1,0,21,21,17
38,42,54,15,7,22,14,23,22,0,0,14,16,45
42,55,18,10,13,23,10,20,21,1,49,20,15,41
39,51,0,19,3,39,44,21,14,1,0,56,55,40
33,42,51,15,6,38,20,23,34,0,0,36,24,54
27,39,0,19,0,32,23,22,36,1,0,24,15,39
34,48,0,17,16,25,20,21,21,1,0,20,41,48
35,44,18,12,0,37,24,20,7,1,0,27,35,39
30,40,36,13,13,22,11,22,37,1,51,14,36,72
31,38,18,15,0,15,14,24,37,1,0,14,16,96
29,33,0,19,6,23,17,21,35,1,0,17,40,93
26,34,18,20,6,15,19,21,22,1,0,17,77,123
22,31,0,16,6,15,23,20,29,3,0,10,41,202
26,37,0,12,6,18,18,19,7,3,0,10,46,173
21,30,0,10,10,18,13,18,7,3,0,14,21,93
22,30,36,6,10,17,16,17,30,2,0,7,52,241
28,37,0,10,13,16,17,16,7,3,50,0,46,268
25,37,17,16,12,14,14,18,14,2,0,3,79,279
31,38,0,13,23,9,25,27,7,4,0,10,67,357
45,49,18,15,19,20,19,24,44,4,0,34,69,369
62,63,0,26,79,21,21,24,15,3,0,21,79,359
63,63,52,21,78,28,35,27,77,2,0,33,61,244
54,63,18,20,42,18,33,26,87,3,0,24,46,368
58,62,52,19,25,14,22,25,36,2,0,20,66,527
100,100,51,34,56,23,21,27,97,3,0,62,75,578
90,81,0,26,43,26,34,32,77,2,0,36,50,644
93,88,51,43,50,17,39,42,42,2,0,66,55,720
89,85,0,47,31,43,38,51,42,2,0,43,60,507
80,74,17,50,72,26,37,46,84,8,0,56,69,303
90,78,0,32,87,60,47,48,93,4,0,61,81,480
78,85,69,34,100,42,57,46,35,4,0,46,75,549
87,77,34,62,86,50,39,44,48,6,0,74,92,576
80,70,100,43,73,48,46,47,27,8,47,58,100,560
76,72,34,55,93,68,37,44,76,6,0,39,88,588
79,64,51,59,49,54,36,45,41,5,0,98,78,376
77,45,17,44,55,50,79,45,48,9,0,55,64,346
74,43,0,37,49,35,61,44,27,6,0,42,45,390
77,41,17,58,45,42,54,41,61,4,0,57,48,441
67,33,33,57,50,45,45,38,33,8,0,56,67,435
62,31,67,50,61,29,36,39,96,9,0,91,39,441
68,27,50,59,54,59,37,40,40,10,0,48,34,382
58,22,16,84,76,46,35,40,52,19,0,52,42,220
53,21,0,65,35,39,37,38,45,19,0,40,42,174
43,25,16,39,61,36,50,39,52,10,0,15,23,282
50,36,17,44,51,29,37,39,67,9,0,54,61,223
49,30,31,52,37,37,86,68,32,17,44,36,54,201
43,25,0,45,66,24,76,100,45,15,0,30,65,266
44,27,16,52,21,25,75,59,33,14,0,53,38,300
49,29,0,56,31,35,83,48,75,13,0,48,36,203
44,26,16,45,33,50,100,40,47,11,0,47,33,176
42,17,33,35,33,51,64,35,61,13,0,19,29,120
38,16,16,49,44,28,57,47,46,13,0,22,38,104
34,12,16,62,23,26,49,88,38,24,0,24,41,96
29,17,32,56,32,31,48,44,19,37,0,37,37,88
36,13,33,40,21,39,31,35,13,26,0,9,42,114
33,15,29,51,21,21,53,29,60,44,0,14,38,69
22,11,0,35,31,23,59,28,19,100,0,12,41,45
20,12,32,41,38,18,57,25,39,56,0,9,5,80
17,8,0,34,38,20,98,32,46,46,0,22,33,55
18,9,15,43,36,17,51,24,25,45,0,9,9,100
22,10,0,45,41,20,49,21,67,38,0,6,44,50
17,9,15,48,30,11,39,22,18,40,0,17,17,57
19,10,0,49,31,16,54,23,32,69,0,6,46,26
17,7,31,59,26,19,51,22,19,77,0,6,23,31
16,8,0,29,17,20,50,20,26,48,0,12,5,27
16,6,16,50,29,18,40,19,20,42,0,3,42,38
12,8,16,40,17,21,52,22,19,61,44,18,42,38
12,7,16,39,15,21,49,24,26,61,0,12,42,25
12,5,16,32,21,23,73,22,7,56,0,25,33,26
12,5,16,30,23,33,47,22,19,48,0,15,60,42
12,5,0,23,17,21,72,20,19,45,0,15,55,21
8,5,16,19,17,13,46,18,39,34,0,3,9,29
10,5,0,19,9,20,36,20,13,30,0,3,33,35
8,5,0,21,15,15,46,19,26,45,0,9,32,63
7,4,0,17,11,31,44,18,45,54,0,3,23,73
8,3,0,17,6,15,33,18,20,50,0,0,24,45
7,3,49,17,15,22,52,18,40,45,0,9,43,35
7,2,0,13,15,30,53,19,53,44,0,9,19,37
6,3,33,9,15,12,24,18,20,37,0,0,19,51
7,5,0,16,15,12,24,18,13,38,46,6,14,30
5,4,0,16,12,18,43,17,19,50,0,6,37,47
5,4,0,16,14,16,44,18,26,61,0,3,28,44
6,2,0,15,18,13,42,21,40,57,0,13,14,46
8,4,16,13,6,18,46,26,40,56,0,0,24,38
7,6,0,22,24,31,46,24,20,49,0,19,19,21
7,3,17,14,15,10,26,20,41,40,0,3,5,45
9,7,17,10,18,20,28,18,13,35,0,3,24,38
9,3,0,22,15,24,57,17,14,51,0,19,19,42
12,7,0,27,21,26,46,19,27,55,0,13,15,61
11,6,33,24,18,15,77,22,46,50,0,9,10,45
8,5,0,26,12,23,71,22,27,43,0,13,9,75
8,5,0,18,12,20,36,21,27,42,0,0,43,72
6,3,0,12,9,16,24,19,7,29,0,6,25,44
9,3,17,18,12,10,37,18,41,31,0,7,15,46
8,4,17,27,27,10,46,19,20,50,0,10,38,70
8,3,16,17,20,19,51,20,13,42,0,3,14,58
9,4,17,11,12,14,59,20,20,37,0,10,20,64
7,5,0,20,21,5,56,17,27,38,0,6,10,55
5,3,17,14,12,16,34,17,48,38,0,3,29,43
4,3,17,5,15,3,31,16,20,24,0,10,15,57
9,3,0,14,6,5,31,15,7,23,0,3,25,96
10,2,0,19,9,20,51,26,7,37,0,3,25,82
6,4,17,16,6,5,94,23,14,37,0,3,10,105
5,4,0,18,16,9,60,20,14,34,0,10,15,92
6,3,34,14,12,14,60,33,14,33,0,3,20,113
4,4,0,13,18,16,46,63,0,28,0,10,25,110
5,3,18,9,16,9,31,23,0,22,0,17,10,138
5,5,0,9,22,13,23,18,14,21,0,10,20,127
7,2,0,14,29,18,40,19,7,32,0,7,35,194
10,3,0,16,3,11,32,18,14,31,0,13,25,250
9,5,0,17,19,18,49,16,42,30,48,17,25,274
9,5,0,14,22,19,37,16,0,28,0,7,0,208
8,1,0,17,10,7,43,17,29,27,0,17,25,176
9,2,0,11,13,5,27,15,21,17,0,10,5,208
9,3,17,13,12,16,24,15,27,19,0,13,19,207
9,4,0,25,6,11,31,16,21,25,0,17,10,355
8,5,0,16,19,4,38,16,14,25,0,17,10,430
10,6,35,20,3,14,34,17,7,22,0,10,10,386
12,6,0,36,13,7,36,21,28,22,0,3,0,407
11,6,17,35,25,11,39,17,21,17,0,23,25,259
11,5,0,24,16,12,35,15,35,13,0,13,10,333
12,7,52,27,22,5,23,14,21,12,0,23,15,450
12,7,17,31,18,2,38,13,27,20,0,29,43,624
10,4,0,34,3,10,36,13,0,16,0,10,14,597
9,3,0,34,16,7,34,13,28,18,0,27,20,661
13,7,0,50,19,18,43,14,0,18,0,27,51,511
16,6,0,53,10,7,35,14,29,13,50,17,10,418
12,6,0,28,16,5,27,14,29,10,0,17,15,632
15,8,18,48,19,11,26,13,7,10,0,14,15,795
20,10,0,60,13,5,55,16,7,16,0,41,46,981
17,4,0,62,19,7,62,15,43,13,0,48,5,779
19,4,18,64,16,7,48,16,59,13,0,42,26,801
22,6,0,73,20,15,43,17,37,9,0,35,10,839
25,10,18,77,20,13,50,16,22,12,0,56,26,600
19,7,17,47,21,0,32,12,34,6,0,23,5,985
23,5,0,45,26,2,32,13,15,11,0,31,11,1270
22,7,18,69,33,7,48,13,29,11,0,59,10,1308
23,8,53,60,19,13,48,14,43,12,0,58,31,1586
23,9,0,66,19,5,51,13,22,9,0,65,5,1534
25,7,0,66,19,13,27,13,29,8,0,61,10,1331
24,10,0,55,35,5,22,11,43,5,0,20,25,965
23,7,0,50,29,11,22,11,29,6,0,68,25,1246
28,9,0,51,38,5,23,11,35,8,0,84,5,1355
29,7,18,77,45,9,45,12,51,10,0,65,16,1485
23,10,0,86,19,7,50,14,43,10,0,44,31,1605
31,8,0,99,52,9,60,13,29,10,0,83,31,1571
30,10,18,96,39,5,51,13,51,7,0,55,31,1441
31,6,0,100,23,9,47,13,22,7,0,80,32,838
30,8,18,67,27,15,28,14,15,6,52,46,27,697
30,6,0,78,30,7,26,12,44,5,0,67,11,979
30,9,36,93,29,16,36,12,22,8,0,96,36,1173
26,6,0,81,33,11,40,12,22,7,0,69,41,1356
23,5,18,76,42,11,43,13,7,7,0,100,31,1231
24,6,36,79,36,9,43,13,14,7,0,58,21,1017
22,5,0,75,29,9,43,13,15,5,0,48,26,647
22,7,18,54,30,11,22,12,37,4,0,49,16,916
22,7,18,49,13,7,22,11,15,3,0,31,10,1069
24,4,18,67,26,5,25,10,29,3,0,34,20,1178
21,8,0,80,9,7,43,10,21,5,0,64,35,1037
17,5,0,49,38,7,34,10,43,4,0,44,15,984
20,4,0,56,19,2,25,9,43,4,0,51,26,744
19,6,0,49,13,7,26,8,28,3,0,67,20,493
21,7,18,48,30,6,21,9,0,3,0,28,5,715
23,6,0,39,16,0,20,9,22,3,0,38,11,903
25,7,18,55,32,4,32,10,22,4,100,45,36,863
19,5,36,46,16,7,32,10,44,6,51,31,43,876
18,5,18,53,16,4,27,11,44,4,51,49,16,844
15,3,18,61,20,7,42,11,30,5,0,49,21,600
15,4,18,41,20,9,36,10,44,5,0,41,21,436
14,1,0,27,20,8,18,11,15,2,0,21,21,633
14,4,0,32,16,5,22,9,36,2,0,27,10,592
15,2,18,46,23,4,37,11,22,4,0,35,10,657
15,2,0,51,17,6,39,11,7,5,0,57,11,587
15,4,18,48,33,2,34,10,15,4,0,60,27,598
14,4,0,58,13,4,32,9,7,3,0,56,11,451
10,1,0,48,13,2,33,9,7,4,0,46,21,291
10,1,18,21,30,2,19,10,15,2,0,18,11,509
11,4,0,21,20,4,16,10,30,3,0,24,11,508
15,4,0,43,10,7,31,8,22,4,0,41,10,712
13,3,18,37,7,9,26,8,22,7,0,38,16,642
12,5,18,35,26,0,22,8,36,4,0,24,26,646
10,3,18,37,16,2,41,8,15,3,0,28,5,439
9,2,0,29,7,11,32,7,7,3,0,18,5,266
9,2,0,21,16,4,17,8,0,1,0,7,0,531
8,2,0,13,9,5,12,6,0,1,0,10,5,551
8,2,0,29,13,5,22,7,22,2,0,21,36,489
8,2,0,27,7,7,22,8,15,2,0,17,21,572
8,2,0,29,10,7,24,8,15,2,0,32,0,596
11,2,0,29,10,11,24,8,7,3,0,28,5,480
10,2,0,27,23,4,27,8,7,2,0,17,26,310
9,3,0,18,10,6,23,8,29,2,0,34,5,331
8,2,36,16,3,4,17,8,15,2,0,24,5,219
9,2,0,27,17,7,23,7,44,3,0,18,16,482
9,2,18,31,17,4,23,7,23,2,0,25,11,573
6,2,0,34,17,4,32,8,37,3,0,3,0,639
7,1,0,25,17,4,19,7,15,4,0,14,0,485
8,1,0,22,20,4,31,6,0,5,0,25,11,302
8,2,0,16,10,6,12,7,8,5,0,29,11,527
10,3,37,16,14,4,7,6,15,3,0,11,16,576
8,3,0,14,33,6,12,6,15,3,0,11,5,633
11,2,18,19,10,0,13,6,29,3,0,7,0,542
9,3,18,26,23,2,14,6,15,3,0,17,10,574
11,2,18,29,30,6,21,6,7,3,0,10,11,400
8,3,19,26,18,0,23,6,8,3,0,22,0,279
9,1,0,18,14,12,16,6,8,2,0,11,0,500
8,1,0,14,13,8,9,6,22,2,0,25,11,506
9,1,0,31,14,6,27,6,16,3,0,7,17,627
8,2,19,25,21,2,25,6,16,3,0,15,6,603
8,1,0,23,7,2,37,6,23,3,0,18,11,678
8,2,0,23,7,2,23,6,15,2,0,15,11,436
8,4,0,25,11,0,30,6,16,3,0,7,11,278
11,2,19,9,14,4,21,6,16,2,0,15,6,498
11,2,0,20,27,0,20,8,15,1,0,14,11,552
10,3,0,27,3,12,32,6,23,2,0,25,22,708
12,2,19,27,14,4,26,6,31,2,54,37,11,639
8,1,0,25,7,4,29,6,16,3,0,11,11,623
8,1,0,27,17,4,22,6,15,2,0,15,16,430
8,1,0,24,26,2,20,6,16,2,0,27,11,316
7,3,0,16,21,2,10,5,31,1,0,7,0,481
12,1,20,12,14,6,10,6,16,1,0,11,11,615
11.6,1,20,21.6,10.6666666666667,3.09090909090909,25.7142857142857,5.89473684210526,28,3,0,51.3333333333333,8.95714285714286,616
10,0.333333333333333,40,24,14,6,16.4285714285714,6.10526315789474,16,3,0,20.1666666666667,6.75714285714286,745
9.2,0.666666666666667,20,16,14,0,21.4285714285714,7.05263157894737,16,8.33333333333333,0,16.5,11.3142857142857,726
10.4,1.36666666666667,0,15.2,21.3333333333333,6.18181818181818,17.8571428571429,6.63157894736842,8,33.3333333333333,0,53.1666666666667,2.35714285714286,493
9.6,0.866666666666667,0,14.4,10.6666666666667,9.27272727272727,19.2857142857143,6.10526315789474,0,14,0,36.6666666666667,2.35714285714286,410
9.6,1.03333333333333,0,13.6,10.6666666666667,6.18181818181818,12.8571428571429,6.31578947368421,16,8,0,16.5,2.2,646
9.6,0.5,20.625,8.8,10.6666666666667,6.18181818181818,17.1428571428571,6.21052631578947,8,6,0,11,2.35714285714286,731
10.8,0.866666666666667,20.625,17.6,22,3.09090909090909,17.8571428571429,5.68421052631579,20,8.33333333333333,0,36.6666666666667,0,808
12.4,0.733333333333333,0,19.2,11.3333333333333,9.63636363636364,23.5714285714286,6.10526315789474,56,7.33333333333333,0,38.5,2.35714285714286,774
12,1.2,0,16,22,3.09090909090909,13.5714285714286,7.36842105263158,28,7.33333333333333,0,27.5,9.11428571428571,877
9.2,1.2,0,14.4,14.6666666666667,6.18181818181818,16.4285714285714,6.84210526315789,28,4,0,25.6666666666667,0,613
8.4,0.333333333333333,20.625,12,7.33333333333333,9.27272727272727,18.5714285714286,6.10526315789474,8,3.66666666666667,0,16.5,0,487
8.8,0.866666666666667,0,10.4,10.6666666666667,12.3636363636364,12.1428571428571,6.31578947368421,8,5,0,22,2.35714285714286,865
8,1.2,20.625,13.6,21.3333333333333,3.09090909090909,10,6.31578947368421,8,4.66666666666667,0,51.3333333333333,2.2,624
12.4,1,40,20,21.3333333333333,3.09090909090909,22.8571428571429,5.78947368421053,8,5,0,20.1666666666667,4.55714285714286,1048
7.6,0.866666666666667,0,17.6,25.3333333333333,6.18181818181818,24.2857142857143,6,44,4.33333333333333,0,27.5,2.35714285714286,1143
10.4,1.4,20.625,16,10.6666666666667,9.45454545454546,18.5714285714286,6.31578947368421,8,4.33333333333333,0,31.1666666666667,0,1333
10,0.333333333333333,41.25,14.4,7.33333333333333,9.27272727272727,15.7142857142857,6.31578947368421,36,3,0,31.1666666666667,2.35714285714286,950
9.6,1.23333333333333,0,16.8,26,3.09090909090909,19.2857142857143,5.78947368421053,20,3,0,27.5,0,780
10,0.533333333333333,0,10.4,11.3333333333333,0,14.2857142857143,6.42105263157895,20,2.66666666666667,0,27.5,0,1283
13.2,1.7,0,6.4,18,0,15,5.68421052631579,28,3,0,14.6666666666667,0,1544
12.4,0.833333333333333,0,23.2,24.6666666666667,3.09090909090909,27.1428571428571,5.68421052631579,8,1.66666666666667,0,56.8333333333333,4.4,1659
9.6,1.16666666666667,0,16.8,3.33333333333333,2.90909090909091,16.4285714285714,5.57894736842105,0,3,0,25.6666666666667,2.2,1704
11.2,1.23333333333333,20.625,16.8,14.6666666666667,9.45454545454546,18.5714285714286,5.57894736842105,8,3.33333333333333,4,27.5,4.4,1735
10,0.5,0,20.8,7.33333333333333,6.18181818181818,19.2857142857143,6.21052631578947,8,5,0,20.1666666666667,0,1439
13.2,0.866666666666667,0,10.4,28.6666666666667,6.18181818181818,22.8571428571429,5.47368421052632,16,2.66666666666667,0,42.1666666666667,4.55714285714286,950
10.4,0.5,39.375,12.8,14,0,15.7142857142857,5.36842105263158,0,2.66666666666667,0,31.1666666666667,4.4,1700
11.6,1.16666666666667,19.375,14.4,6.66666666666667,0,11.4285714285714,6,36,2.33333333333333,0,31.1666666666667,0,2194
14.4,1.73333333333333,0,24,18,3.09090909090909,27.1428571428571,5.68421052631579,56,4.33333333333333,0,47.6666666666667,4.55714285714286,2385
13.2,1.73333333333333,0,29.6,4,6.18181818181818,17.8571428571429,6.10526315789474,56,3.66666666666667,0,75.1666666666667,2.35714285714286,2421
15.6,1.36666666666667,20.625,24,32.6666666666667,3.09090909090909,24.2857142857143,6.63157894736842,44,2.66666666666667,0,47.6666666666667,2.35714285714286,2592
18,1.76666666666667,0,33.6,14.6666666666667,12.7272727272727,25,7.26315789473684,28,3,0,77,9.42857142857143,2159
21.2,1.73333333333333,20.625,31.2,25.3333333333333,6.18181818181818,24.2857142857143,6.10526315789474,36,2.66666666666667,0,80.6666666666667,6.91428571428571,1518
16,0.866666666666667,0,16,21.3333333333333,6.18181818181818,15.7142857142857,6,16,2,0,36.6666666666667,6.91428571428571,1229
18.4,1,0,20.8,18,3.09090909090909,15,6.52631578947368,44,2.66666666666667,0,36.6666666666667,0,1942
16.8,1.16666666666667,40,35.2,28.6666666666667,6,28.5714285714286,6.21052631578947,0,2.66666666666667,0,62.3333333333333,13.5142857142857,2500
19.6,1.16666666666667,0,32,24.6666666666667,6,31.4285714285714,6.52631578947368,28,3.33333333333333,0,67.8333333333333,11.3142857142857,2531
23.2,2.36666666666667,20,40.8,21.3333333333333,9.09090909090909,27.8571428571429,7.15789473684211,52,4.66666666666667,0,58.6666666666667,9.11428571428571,2675
25.2,1.7,0,49.6,21.3333333333333,12.1818181818182,27.8571428571429,7.78947368421053,52,3,0,93.5,6.75714285714286,2062
21.2,2.86666666666667,0,40,46,12,20,6.94736842105263,16,3.33333333333333,0,99,4.4,1436
18.4,1.53333333333333,0,26.4,42.6666666666667,9.09090909090909,19.2857142857143,6.63157894736842,28,2.33333333333333,0,73.3333333333333,6.91428571428571,2033
22.4,1.33333333333333,20,22.4,28,6,12.8571428571429,7.26315789473684,28,2.66666666666667,0,40.3333333333333,0,2432
24.4,1.86666666666667,40,26.4,28.6666666666667,9.09090909090909,18.5714285714286,6.63157894736842,8,2.33333333333333,0,73.3333333333333,4.4,2517
17.6,1.56666666666667,20.625,44.8,22,9.27272727272727,32.1428571428571,5.57894736842105,36,3,0,91.6666666666667,13.9857142857143,2452
20,0.866666666666667,20.625,33.6,22,9.27272727272727,27.8571428571429,7.05263157894737,36,4.66666666666667,0,67.8333333333333,9.27142857142857,2508
21.6,0.366666666666667,0,36,18.6666666666667,6.36363636363636,32.1428571428571,7.26315789473684,44,4.33333333333333,0,58.6666666666667,4.71428571428571,2038
22.4,0.866666666666667,0,39.2,22,6.36363636363636,35.7142857142857,6.73684210526316,28,4.66666666666667,0,86.1666666666667,7.07142857142857,1531
20.4,1.03333333333333,0,25.6,7.33333333333333,3.09090909090909,14.2857142857143,6.84210526315789,16,2.66666666666667,0,53.1666666666667,9.11428571428571,2176
22,1.16666666666667,0,26.4,24.6666666666667,12.1818181818182,13.5714285714286,6.52631578947368,52,4,0,51.3333333333333,6.75714285714286,2810
21.6,1.9,0,41.6,25.3333333333333,3.09090909090909,27.1428571428571,5.78947368421053,28,6,0,64.1666666666667,11.4714285714286,2969
18.8,1.4,20.625,39.2,22,3.09090909090909,32.1428571428571,7.15789473684211,8,4.66666666666667,0,80.6666666666667,7.07142857142857,2795
17.6,1.2,0,41.6,10.6666666666667,3.09090909090909,71.4285714285714,7.68421052631579,44,4.66666666666667,0,78.8333333333333,6.91428571428571,3037
17.2,1.2,0,31.2,36,3.09090909090909,36.4285714285714,6.63157894736842,72,4,0,95.3333333333333,0,2383
16.8,0.533333333333333,20.625,53.6,7.33333333333333,0,41.4285714285714,6,8,10,0,69.6666666666667,9.27142857142857,1681
14.8,0.533333333333333,20.625,33.6,22,9.27272727272727,30,6.31578947368421,36,7,0,58.6666666666667,0,2426
20.8,1.36666666666667,20.625,35.2,25.3333333333333,9.27272727272727,22.1428571428571,6.21052631578947,20,6.33333333333333,0,51.3333333333333,0,2996
18.8,2.93333333333333,0,53.6,28.6666666666667,3.09090909090909,30.7142857142857,5.57894736842105,28,7.33333333333333,0,64.1666666666667,0,3209
18.4,0.166666666666667,0,52,22,3.09090909090909,33.5714285714286,6,72,8.33333333333333,0,89.8333333333333,2.35714285714286,2837
15.2,1.86666666666667,20,56,32,9.09090909090909,42.1428571428571,6.42105263157895,52,6.66666666666667,0,110,4.55714285714286,2989
24.4,1.36666666666667,20.625,76.8,28.6666666666667,6.18181818181818,30.7142857142857,6.52631578947368,44,6.33333333333333,0,88,4.55714285714286,2491
18.4,0.366666666666667,62.5,56.8,22,6.36363636363636,37.1428571428571,5.78947368421053,20,6.66666666666667,0,100.833333333333,7.07142857142857,1811
20.8,1.73333333333333,20.625,42.4,10.6666666666667,9.27272727272727,26.4285714285714,6.10526315789474,72,4,0,53.1666666666667,6.75714285714286,2695
23.2,1.2,0,44.8,24.6666666666667,0,25.7142857142857,6.10526315789474,44,4.33333333333333,0,51.3333333333333,4.4,3276
20.8,2,0,59.2,35.3333333333333,8.90909090909091,24.2857142857143,6.63157894736842,60,7.33333333333333,0,139.333333333333,2.2,3746
18.8,1.03333333333333,0,53.6,32.6666666666667,3.09090909090909,40,6.94736842105263,72,6.66666666666667,0,69.6666666666667,6.91428571428571,3832
15.2,1.93333333333333,0,57.6,11.3333333333333,0,25.7142857142857,7.26315789473684,56,6,0,66,4.71428571428571,3885
21.2,1.73333333333333,0,65.6,10.6666666666667,15.6363636363636,35,7.15789473684211,92,6.66666666666667,4,53.1666666666667,7.07142857142857,2944
21.2,0.866666666666667,0,51.2,22,3.09090909090909,31.4285714285714,6,64,4.33333333333333,0,80.6666666666667,9.42857142857143,2409
16,1.6,0,42.4,30,0,15.7142857142857,6.52631578947368,36,3.33333333333333,0,69.6666666666667,0,3615
22.8,2.06666666666667,40.625,48,14.6666666666667,9.27272727272727,20,5.78947368421053,44,3,0,53.1666666666667,2.35714285714286,3871
23.2,1.73333333333333,0,67.2,18,0,25.7142857142857,5.89473684210526,64,3.33333333333333,20,111.833333333333,0,4532
28,1.56666666666667,20.625,65.6,14.6666666666667,6.36363636363636,42.1428571428571,5.89473684210526,20,3.66666666666667,0,128.333333333333,7.07142857142857,3256
21.2,2.1,20.625,63.2,22,3.09090909090909,35.7142857142857,5.89473684210526,8,3,8,113.666666666667,0,3071
24.4,1.73333333333333,0,65.6,18,9.45454545454546,22.1428571428571,5.26315789473684,100,2.66666666666667,4,139.333333333333,11.4714285714286,3166
22,1.56666666666667,0,51.2,18.6666666666667,6.36363636363636,22.1428571428571,4.94736842105263,28,3,4,49.5,2.35714285714286,3343
26,2.66666666666667,42.5,44,30,3.27272727272727,17.1428571428571,5.36842105263158,36,2,0,115.5,4.71428571428571,4949
24.4,1.46666666666667,38.125,48,37.3333333333333,0,18.5714285714286,4.94736842105263,24,2.33333333333333,4,75.1666666666667,6.44285714285714,6049
26.8,2.56666666666667,40.625,58.4,14,6.18181818181818,27.1428571428571,4.52631578947368,44,1.33333333333333,16,121,6.91428571428571,7642
24.4,1.16666666666667,0,45.6,21.3333333333333,3.09090909090909,25.7142857142857,4.73684210526316,28,1.66666666666667,0,84.3333333333333,4.55714285714286,7957
24.8,1.16666666666667,39.375,34.4,28,2.90909090909091,15.7142857142857,4.21052631578947,44,1.33333333333333,8,82.5,8.95714285714286,7854
19.2,0.8,0,28.8,20.6666666666667,2.90909090909091,14.2857142857143,3.57894736842105,8,1,4,66,8.8,6108
26.8,1.2,20.625,28,32.6666666666667,0,11.4285714285714,3.57894736842105,44,0.666666666666667,4,58.6666666666667,2.35714285714286,4906
26,1.83333333333333,0,31.2,14,0,16.4285714285714,4.42105263157895,28,2.33333333333333,0,42.1666666666667,8.8,4597
25.6,1.63333333333333,0,30.4,28,5.81818181818182,12.8571428571429,4.42105263157895,16,1.66666666666667,0,115.5,4.24285714285714,5916
31.6,2.5,20,53.6,34.6666666666667,0,31.4285714285714,4.63157894736842,68,3.33333333333333,0,110,8.64285714285714,6656
36.4,2.26666666666667,0,59.2,34,5.81818181818182,28.5714285714286,5.15789473684211,60,4,0,141.166666666667,10.8428571428571,7172
40,1.3,0,69.6,55.3333333333333,0,26.4285714285714,5.89473684210526,52,5.33333333333333,0,183.333333333333,4.4,7042
34.4,3.33333333333333,0,65.6,36.6666666666667,5.63636363636364,27.1428571428571,6.21052631578947,84,6,0,133.833333333333,6.28571428571429,5760
28.8,2,0,74.4,28,14.9090909090909,37.8571428571429,6.42105263157895,120,5.66666666666667,4,157.666666666667,4.4,4936
28.8,1.33333333333333,20,49.6,28,0,30,6.21052631578947,52,4.66666666666667,0,139.333333333333,8.8,5335
24.8,1.96666666666667,0,39.2,37.3333333333333,8.72727272727273,28.5714285714286,5.89473684210526,68,3.33333333333333,8,80.6666666666667,10.8428571428571,5562
26.8,1.96666666666667,0,60,30.6666666666667,8.72727272727273,23.5714285714286,6.42105263157895,52,4,8,93.5,4.24285714285714,5664
30.4,1.83333333333333,0,80,66.6666666666667,8.90909090909091,38.5714285714286,6.42105263157895,88,5.33333333333333,8,176,6.75714285714286,5057
23.6,1.53333333333333,20.625,76,50.6666666666667,3.09090909090909,38.5714285714286,8.63157894736842,100,8.33333333333333,0,115.5,6.75714285714286,4726
27.2,2.7,0,76.8,24.6666666666667,3.09090909090909,43.5714285714286,8.10526315789474,80,9.33333333333333,0,172.333333333333,0,3990
24.4,2.16666666666667,20,71.2,38.6666666666667,3.09090909090909,40.7142857142857,8.94736842105263,88,8,0,128.333333333333,15.7142857142857,2763
22.4,1.16666666666667,0,56,24,2.90909090909091,22.1428571428571,9.26315789473684,44,5.66666666666667,0,115.5,4.4,3853
24,0.966666666666667,0,49.6,36.6666666666667,2.90909090909091,25,8.21052631578947,76,5.66666666666667,0,113.666666666667,4.24285714285714,3974
23.6,1.83333333333333,19.375,71.2,42,8.90909090909091,33.5714285714286,9.47368421052632,232,7,23,177.833333333333,2.2,4131
20.8,1,60,64.8,32,9.09090909090909,32.8571428571429,10.5263157894737,132,5.66666666666667,16,88,6.75714285714286,3538
20.8,1,0,60,38.6666666666667,9.09090909090909,38.5714285714286,10.5263157894737,148,5.33333333333333,0,133.833333333333,11,3342
18,1.2,0,47.2,32,0,31.4285714285714,10,140,5.33333333333333,4,93.5,9.11428571428571,2673
18.8,1.86666666666667,0,42.4,32,3.09090909090909,33.5714285714286,8.8421052631579,104,6.66666666666667,16,122.833333333333,8.95714285714286,1793
18.4,1.13333333333333,0,28.8,13.3333333333333,5.81818181818182,16.4285714285714,7.15789473684211,68,4,4,78.8333333333333,6.44285714285714,2324
18.4,1.43333333333333,0,29.6,33.3333333333333,5.63636363636364,37.1428571428571,8.21052631578947,132,4.33333333333333,4,58.6666666666667,0,2634
20.8,1.5,0,48,21.3333333333333,9.09090909090909,46.4285714285714,7.15789473684211,148,3.66666666666667,8,62.3333333333333,6.75714285714286,2578
17.2,1.3,0,49.6,20.6666666666667,2.90909090909091,30.7142857142857,9.26315789473684,112,4,4,75.1666666666667,2.2,2370
16,1,0,44.8,28,9.09090909090909,31.4285714285714,6.63157894736842,148,4.33333333333333,4,77,2.2,2277
17.2,1.3,19.375,39.2,27.3333333333333,5.81818181818182,41.4285714285714,7.57894736842105,136,3,0,86.1666666666667,8.95714285714286,1630
14.8,1.53333333333333,0,42.4,14,15.2727272727273,25.7142857142857,6.84210526315789,116,3,8,58.6666666666667,0,1217
12.4,0.666666666666667,20,27.2,21.3333333333333,9.09090909090909,23.5714285714286,6,96,3.33333333333333,8,40.3333333333333,0,1568
16.8,1.46666666666667,0,32,20.6666666666667,2.90909090909091,20.7142857142857,6.31578947368421,52,3,4,69.6666666666667,2.2,1886
15.6,1.3,19.375,38.4,28,8.90909090909091,29.2857142857143,5.78947368421053,104,4.33333333333333,4,80.6666666666667,0,1690
13.6,0.833333333333333,20,48,21.3333333333333,0,27.1428571428571,5.89473684210526,96,6.33333333333333,0,51.3333333333333,4.4,1300
14.4,0.866666666666667,0,35.2,32,6.18181818181818,27.8571428571429,7.78947368421053,124,6.33333333333333,4,47.6666666666667,4.55714285714286,1360
9.2,1,20,40.8,21.3333333333333,18.1818181818182,36.4285714285714,7.26315789473684,96,5.33333333333333,16,62.3333333333333,6.91428571428571,1362
13.2,0.833333333333333,20,35.2,14,3.09090909090909,57.8571428571429,6,124,5.66666666666667,12,47.6666666666667,9.11428571428571,965
11.6,0.666666666666667,0,24,10,0,28.5714285714286,5.89473684210526,120,2.66666666666667,12,55,6.44285714285714,1308
13.6,0.666666666666667,0,23.2,38,2.90909090909091,20.7142857142857,5.68421052631579,84,3,11,75.1666666666667,4.4,1448
16,0.333333333333333,0,36,32,6,35,5.89473684210526,88,3.33333333333333,20,45.8333333333333,11.3142857142857,1536
12.8,0.666666666666667,0,31.2,14,6,32.8571428571429,5.78947368421053,108,4,28,20.1666666666667,6.75714285714286,1301
11.6,0.666666666666667,0,32,32,6,21.4285714285714,6,88,6,20,25.6666666666667,4.55714285714286,1233
13.6,1.8,0,20.8,6.66666666666667,2.90909090909091,14.2857142857143,6.52631578947368,104,4.33333333333333,11,25.6666666666667,2.2,1032
9.2,0.833333333333333,0,24,10.6666666666667,3.09090909090909,26.4285714285714,5.78947368421053,148,5.33333333333333,0,25.6666666666667,6.75714285714286,740
8.4,0,19.375,17.6,17.3333333333333,5.81818181818182,17.8571428571429,5.36842105263158,120,4,8,49.5,2.2,1081
13.2,1.3,0,14.4,16.6666666666667,2.90909090909091,15,4.73684210526316,76,2.33333333333333,4,14.6666666666667,4.24285714285714,921
10,0.966666666666667,38.75,24,17.3333333333333,11.6363636363636,21.4285714285714,5.15789473684211,156,4.66666666666667,11,34.8333333333333,0,1076
7.6,0.333333333333333,0,26.4,0,2.90909090909091,22.8571428571429,4.94736842105263,124,4,12,14.6666666666667,2.2,1054
10.4,1.2,20,25.6,14,0,31.4285714285714,5.89473684210526,292,4,8,25.6666666666667,2.2,1213
11.6,0.866666666666667,0,24.8,10.6666666666667,9.27272727272727,29.2857142857143,5.36842105263158,188,3.33333333333333,8,36.6666666666667,2.2,999
6,0.333333333333333,0,22.4,7.33333333333333,12.1818181818182,20.7142857142857,5.26315789473684,116,3,20,11,9.11428571428571,698
9.6,0,20,16.8,21.3333333333333,9.09090909090909,10,5.15789473684211,116,2.66666666666667,0,36.6666666666667,4.55714285714286,888
11.2,0.333333333333333,19.375,17.6,14,2.90909090909091,17.8571428571429,4.94736842105263,148,2.33333333333333,0,14.6666666666667,6.6,1243
9.6,0.5,0,19.2,17.3333333333333,14.7272727272727,18.5714285714286,4.84210526315789,156,3.66666666666667,4,11,2.2,1169
9.6,0.966666666666667,19.375,20,14,5.81818181818182,20,6.21052631578947,92,2.66666666666667,0,14.6666666666667,2.2,1148
9.2,1.36666666666667,20,20,7.33333333333333,3.09090909090909,13.5714285714286,5.47368421052632,144,3,4,25.6666666666667,4.55714285714286,1050
10,0.5,0,22.4,14,0,30,5.05263157894737,160,3.66666666666667,0,36.6666666666667,6.75714285714286,1064
8.8,0.5,0,24,14,0,21.4285714285714,4.10526315789474,96,4.33333333333333,0,11,0,600
7.2,0.333333333333333,0,17.6,21.3333333333333,3.09090909090909,18.5714285714286,4.94736842105263,80,4.33333333333333,4,20.1666666666667,4.55714285714286,1127
9.2,0.5,0,14.4,20.6666666666667,0,10.7142857142857,4.73684210526316,24,5,4,14.6666666666667,0,1313
10,1.16666666666667,20,25.6,10.6666666666667,8.90909090909091,15,4.10526315789474,156,4,4,14.6666666666667,2.2,1317
7.6,0.333333333333333,0,20.8,10.6666666666667,8.90909090909091,25.7142857142857,4.42105263157895,76,5.66666666666667,8,5.5,2.2,1271
7.6,0.866666666666667,0,25.6,14,3.09090909090909,23.5714285714286,4.94736842105263,88,4.66666666666667,12,20.1666666666667,0,1319
9.2,0.166666666666667,0,18.4,10.6666666666667,6,25.7142857142857,4.84210526315789,104,4.66666666666667,20,20.1666666666667,2.2,987
9.6,0.666666666666667,0,20.8,6.66666666666667,6,21.4285714285714,4.94736842105263,148,4.66666666666667,27,11,4.4,695
7.6,0.666666666666667,0,12.8,3.33333333333333,6,12.1428571428571,4.31578947368421,44,3.33333333333333,8,20.1666666666667,2.2,1133
7.6,0.5,0,14.4,17.3333333333333,8.72727272727273,7.85714285714286,4.42105263157895,76,3.66666666666667,4,25.6666666666667,4.4,1533
8,0.633333333333333,19.375,23.2,10,2.90909090909091,20.7142857142857,4,108,4.66666666666667,15,20.1666666666667,0,1497
8.8,0.333333333333333,39.375,23.2,3.33333333333333,2.90909090909091,26.4285714285714,4.42105263157895,120,5,16,31.1666666666667,4.4,1463
7.6,0.5,0,20.8,14,0,16.4285714285714,4.63157894736842,72,5.66666666666667,56,36.6666666666667,4.4,1516
8.4,0.333333333333333,40.625,20,10.6666666666667,6,21.4285714285714,4.21052631578947,116,9,44,16.5,0,1118
8,0.666666666666667,0,20,10.6666666666667,6,17.1428571428571,3.89473684210526,176,11.3333333333333,16,25.6666666666667,2.2,816
9.2,0.666666666666667,0,16,10,0,21.4285714285714,3.78947368421053,96,7.66666666666667,23,29.3333333333333,0,1500
8.8,0.633333333333333,19.375,16.8,13.3333333333333,2.90909090909091,18.5714285714286,4.73684210526316,92,5.33333333333333,15,0,0,1917
8.8,0.433333333333333,0,29.6,9.33333333333333,7.63636363636364,27.1428571428571,4.10526315789474,104,8.33333333333333,34,38.5,3.77142857142857,1915
9.2,0.566666666666667,0,22.4,20.6666666666667,2.54545454545455,20.7142857142857,3.78947368421053,132,17.6666666666667,30,22,1.88571428571429,2025
9.6,0.833333333333333,0,22.4,21.3333333333333,3.09090909090909,28.5714285714286,4,96,11,28,45.8333333333333,2.2,2071
8.4,0.166666666666667,0,26.4,6.66666666666667,2.90909090909091,25.7142857142857,4.10526315789474,104,8,28,20.1666666666667,2.2,1782
8.4,1.16666666666667,0,23.2,14,0,19.2857142857143,3.89473684210526,124,6.66666666666667,39,25.6666666666667,4.4,1345
10,0,0,18.4,6.66666666666667,2.90909090909091,15,4.31578947368421,44,5.66666666666667,8,25.6666666666667,0,2087
10,0.933333333333333,0,19.2,13.3333333333333,5.63636363636364,15,3.89473684210526,16,6.33333333333333,25,33,0,2843
10,0.833333333333333,19.375,25.6,17.3333333333333,8.72727272727273,22.8571428571429,3.57894736842105,68,8,16,20.1666666666667,8.8,2605
6,0.8,0,23.2,20.6666666666667,5.81818181818182,17.8571428571429,3.78947368421053,92,7,23,25.6666666666667,0,2757
9.6,1.66666666666667,20,29.6,7.33333333333333,6,24.2857142857143,3.78947368421053,68,6.66666666666667,31,34.8333333333333,2.2,2772
8.8,0.666666666666667,0,28,17.3333333333333,8.72727272727273,16.4285714285714,3.78947368421053,84,7,23,20.1666666666667,2.2,2468
10,1.63333333333333,0,23.2,28,0,20,3.57894736842105,36,8,31,51.3333333333333,0,1572
10.4,1,0,17.6,3.33333333333333,3.09090909090909,10,3.89473684210526,44,5,16,42.1666666666667,6.75714285714286,2668
11.6,0.8,0,24,30,0,11.4285714285714,3.89473684210526,60,4.66666666666667,23,14.6666666666667,0,3449
12.4,0.333333333333333,0,31.2,20,2.90909090909091,18.5714285714286,3.78947368421053,136,6,11,44,2.2,3498
13.2,0.8,19.375,34.4,3.33333333333333,2.90909090909091,26.4285714285714,4,104,7,31,49.5,0,3488
13.6,1.5,0,33.6,17.3333333333333,6,34.2857142857143,4,104,7.33333333333333,31,34.8333333333333,2.2,3765
12.8,1.16666666666667,0,25.6,14,0,21.4285714285714,4.31578947368421,140,6.33333333333333,47,45.8333333333333,4.4,2836
12.4,0.966666666666667,0,28.8,6.66666666666667,5.81818181818182,17.8571428571429,3.78947368421053,104,8,38,55,0,2102
11.2,0.333333333333333,0,23.2,21.3333333333333,6,15,4,96,5.33333333333333,28,20.1666666666667,0,3451
14.4,0.466666666666667,0,21.6,32.6666666666667,0,13.5714285714286,4.21052631578947,84,6.33333333333333,15,47.6666666666667,4.08571428571429,4307
10.4,0.333333333333333,19.375,32,24,0,27.1428571428571,3.89473684210526,400,6.33333333333333,43,75.1666666666667,0,4570
11.6,1,40,40,21.3333333333333,2.90909090909091,22.1428571428571,4.31578947368421,132,7,79,77,2.2,4525
12.8,1.2,0,40.8,10.6666666666667,12.1818181818182,25,4.42105263157895,188,8.66666666666667,100,124.666666666667,2.2,4794
14.4,0.7,40.625,32.8,21.3333333333333,6.18181818181818,31.4285714285714,4.94736842105263,152,7.33333333333333,68,84.3333333333333,2.2,4086
14,1.2,20.625,36.8,7.33333333333333,3.09090909090909,28.5714285714286,4.21052631578947,108,5.33333333333333,85,84.3333333333333,11.4714285714286,2919
14.4,1.03333333333333,0,29.6,7.33333333333333,3.09090909090909,17.8571428571429,4.84210526315789,108,5,41,25.6666666666667,0,4336
16,1.33333333333333,0,28.8,20.6666666666667,2.90909090909091,15,4.73684210526316,156,8.66666666666667,35,40.3333333333333,2.2,5288
13.7142857142857,0.888888888888889,11.25,41.6,23.3859649122807,0,28.8461538461538,4.67451523545706,195,6.80555555555555,28,72.6,5.70625,5493
14.0952380952381,1.09401709401709,10.625,49.6,22.8421052631579,3.81818181818182,20.7692307692308,4.67451523545706,156,6.02777777777778,58.3333333333333,104.866666666667,1.1,5106
16.3809523809524,1.12820512820513,0,49.6,14.6842105263158,0,20.7692307692308,4.54986149584488,218.4,6.51388888888889,59.1111111111111,104.866666666667,1.1,5596
17.1428571428571,0.683760683760684,0,59.2,5.98245614035088,7.81818181818182,24.2307692307692,4.98614958448753,195,5.15277777777778,70.7777777777778,92.7666666666667,3.36875,4601
14.4761904761905,1.57264957264957,0,54.4,8.70175438596491,11.6363636363636,24.2307692307692,4.2382271468144,218.4,3.98611111111111,52.1111111111111,133.1,2.26875,3314
14.0952380952381,2.94017094017094,10,44.8,8.1578947368421,0,16.1538461538462,4.79916897506925,140.4,3.11111111111111,29.5555555555556,72.6,2.13125,4959
15.2380952380952,1.74358974358974,10.625,51.2,8.70175438596491,0,16.1538461538462,4.98614958448753,124.8,4.18055555555556,61.4444444444444,108.9,2.2,5788
20.5714285714286,1.12820512820513,11.25,54.4,11.9649122807018,4,32.3076923076923,4.61218836565097,241.8,4.375,59.8888888888889,121,2.26875,5905
17.5238095238095,1.81196581196581,11.25,68.8,23.9298245614035,15.8181818181818,30,4.92382271468144,218.4,4.76388888888889,60.6666666666667,72.6,6.875,4684
18.2857142857143,2.4957264957265,11.25,65.6,14.6842105263158,7.81818181818182,33.4615384615385,5.29778393351801,304.2,6.61111111111111,67.6666666666667,104.866666666667,2.26875,5983
18.6666666666667,2.22222222222222,0,73.6,20.6666666666667,11.6363636363636,28.8461538461538,4.92382271468144,335.4,6.70833333333333,70,169.4,3.36875,5893
18.6666666666667,1.12820512820513,0,67.2,20.6666666666667,11.6363636363636,32.3076923076923,4.54986149584488,241.8,5.83333333333333,63,173.433333333333,1.16875,4464
17.9047619047619,1.53846153846154,21.875,51.2,23.3859649122807,7.63636363636364,15,4.86149584487535,202.8,3.88888888888889,45.1111111111111,76.6333333333333,1.1,4194
16.3809523809524,0.854700854700855,0,49.6,14.140350877193,3.81818181818182,13.8461538461538,5.23545706371191,210.6,4.56944444444444,50.5555555555556,80.6666666666667,2.13125,4063
19.8095238095238,3.17948717948718,0,73.6,23.3859649122807,4,30,4.42520775623269,327.6,5.44444444444445,73.8888888888889,141.166666666667,3.36875,4371
21.3333333333333,1.33333333333333,0,73.6,17.4035087719298,11.6363636363636,33.4615384615385,5.29778393351801,327.6,5.05555555555556,63,165.366666666667,4.46875,6049
19.8095238095238,1.33333333333333,0,80,20.1228070175439,11.4545454545455,25.3846153846154,4.42520775623269,491.4,4.95833333333333,65.3333333333333,108.9,0,7233
18.2857142857143,0.82051282051282,0,64,8.1578947368421,14.3636363636364,40.3846153846154,4.98614958448753,226.2,3.11111111111111,58.3333333333333,125.033333333333,3.1625,6483
20.1904761904762,2.15384615384615,10.625,65.6,2.71929824561404,0,34.6153846153846,4.17590027700831,327.6,4.375,43.5555555555556,100.833333333333,3.3,4939
17.5238095238095,0.854700854700855,10.625,68.8,16.859649122807,3.63636363636364,19.6153846153846,4.42520775623269,257.4,3.11111111111111,49.7777777777778,72.6,0,6238
17.1428571428571,1.26495726495727,20.625,44.8,13.5964912280702,0,18.4615384615385,4.61218836565097,195,3.11111111111111,26.4444444444444,84.7,1.03125,7049
18.6666666666667,2.18803418803419,21.25,56,17.4035087719298,3.81818181818182,12.6923076923077,5.23545706371191,226.2,3.30555555555556,48.2222222222222,76.6333333333333,1.1,6874
23.6190476190476,3.17948717948718,0,44.8,13.5964912280702,3.63636363636364,15,3.98891966759003,132.6,2.33333333333333,63,125.033333333333,0,6263
28.1904761904762,2.66666666666667,0,57.6,21.7543859649123,0,15,4.73684210526316,358.8,3.20833333333333,35,100.833333333333,5.0875,6418
25.9047619047619,1.70940170940171,10.625,81.6,19.5789473684211,0,26.5384615384615,4.67451523545706,499.2,3.69444444444444,70.7777777777778,108.9,1.1,5256
22.0952380952381,1.05982905982906,10.625,75.2,22.2982456140351,3.63636363636364,28.8461538461538,4.61218836565097,397.8,4.27777777777778,59.8888888888889,141.166666666667,4.2625,3676
22.8571428571429,2.15384615384615,0,62.4,22.2982456140351,7.45454545454545,18.4615384615385,4.86149584487535,304.2,4.18055555555556,59.8888888888889,121,4.2625,5224
20.952380952381,1.70940170940171,0,52.8,14.140350877193,0,19.6153846153846,5.23545706371191,265.2,3.59722222222222,53.6666666666667,112.933333333333,1.1,5789
20.1904761904762,2.42735042735043,10.625,94.4,20.1228070175439,11.4545454545455,43.8461538461538,5.42243767313019,639.6,6.125,58.3333333333333,157.3,3.3,5712
21.3333333333333,0.64957264957265,0,75.2,28.280701754386,3.81818181818182,34.6153846153846,5.04847645429363,608.4,5.05555555555556,63.7777777777778,189.566666666667,3.3,5247
20.5714285714286,1.09401709401709,0,78.4,20.1228070175439,7.63636363636364,47.3076923076923,5.11080332409972,530.4,3.59722222222222,51.3333333333333,149.233333333333,3.3,5037
19.4285714285714,1.74358974358974,0,83.2,22.8421052631579,11.2727272727273,36.9230769230769,6.23268698060942,569.4,4.66666666666667,77.7777777777778,197.633333333333,4.4,4042
22.4761904761905,1.5042735042735,10.625,67.2,2.71929824561404,11.2727272727273,38.0769230769231,5.11080332409972,374.4,3.5,50.5555555555556,116.966666666667,3.3,2711
15.6190476190476,1.70940170940171,0,48,10.8771929824561,3.63636363636364,27.6923076923077,4.86149584487535,249.6,2.81944444444444,33.4444444444444,121,1.1,3894
16.7619047619048,2.05128205128205,0,56,26.6491228070175,0,24.2307692307692,5.11080332409972,436.8,2.72222222222222,35,96.8,1.03125,4533
20.5714285714286,1.05982905982906,10,73.6,13.5964912280702,10.9090909090909,34.6153846153846,5.3601108033241,780,2.72222222222222,29.5555555555556,157.3,3.1625,4136
15.6190476190476,1.70940170940171,10.625,64,22.2982456140351,7.45454545454545,23.0769230769231,4.92382271468144,561.6,2.81944444444444,39.6666666666667,161.333333333333,1.1,3706
13.3333333333333,1.88034188034188,20,57.6,21.7543859649123,0,40.3846153846154,5.17313019390582,585,6.61111111111111,28.7777777777778,129.066666666667,4.19375,3592
15.6190476190476,1.91452991452991,0,52.8,13.5964912280702,0,48.4615384615385,4.48753462603878,452.4,7.19444444444445,16.3333333333333,165.366666666667,0,2876
12.1904761904762,1.02564102564103,0,51.2,21.7543859649123,0,43.8461538461538,4.48753462603878,405.6,3.98611111111111,35.7777777777778,96.8,2.0625,1792
15.2380952380952,2.18803418803419,0,41.6,20.1228070175439,0,24.2307692307692,4.98614958448753,304.2,2.13888888888889,27.2222222222222,80.6666666666667,1.1,2643
13.3333333333333,1.5042735042735,10.625,41.6,14.140350877193,3.81818181818182,24.2307692307692,4.92382271468144,374.4,2.72222222222222,17.1111111111111,80.6666666666667,3.1625,3035
15.6190476190476,2.18803418803419,0,68.8,14.140350877193,7.63636363636364,47.3076923076923,4.54986149584488,694.2,3.98611111111111,17.1111111111111,137.133333333333,1.1,2830
14.4761904761905,2.83760683760684,0,44.8,22.8421052631579,3.81818181818182,42.6923076923077,4.73684210526316,608.4,5.93055555555555,44.3333333333333,76.6333333333333,6.7375,2594
14.0952380952381,0.64957264957265,20.625,41.6,14.140350877193,7.45454545454545,30,4.36288088642659,327.6,9.72222222222222,23.3333333333333,84.7,1.1,2651
12.1904761904762,1.5042735042735,0,43.2,19.5789473684211,11.2727272727273,32.3076923076923,5.17313019390582,288.6,6.70833333333333,17.1111111111111,52.4333333333333,2.13125,2021
11.4285714285714,1.53846153846154,10.625,48,14.140350877193,3.81818181818182,36.9230769230769,4.73684210526316,351,6.70833333333333,24.1111111111111,116.966666666667,2.2,1278
10.6666666666667,0.854700854700855,0,30.4,8.70175438596491,3.81818181818182,27.6923076923077,4.67451523545706,234,5.15277777777778,13.2222222222222,48.4,2.13125,1881
10.6666666666667,0.615384615384615,0,36.8,13.5964912280702,10.9090909090909,23.0769230769231,5.11080332409972,288.6,3.30555555555556,36.5555555555556,32.2666666666667,5.29375,2238
10.6666666666667,0.205128205128205,0,51.2,16.859649122807,0,26.5384615384615,4.98614958448753,483.6,5.15277777777778,33.4444444444444,121,2.2,2045
11.4285714285714,1.09401709401709,10.625,46.4,22.8421052631579,11.2727272727273,42.6923076923077,4.92382271468144,460.2,3.98611111111111,44.3333333333333,96.8,3.36875,1934
12.1904761904762,0.854700854700855,0,38.4,22.8421052631579,7.63636363636364,42.6923076923077,5.29778393351801,429,4.76388888888889,10.1111111111111,60.5,1.1,1941
8.76190476190476,0.854700854700855,0,43.2,5.43859649122807,3.63636363636364,40.3846153846154,4.79916897506925,413.4,3.98611111111111,16.3333333333333,40.3333333333333,0,1384
9.14285714285714,0.82051282051282,0,35.2,13.5964912280702,0,47.3076923076923,4.11357340720222,358.8,3.11111111111111,19.4444444444444,52.4333333333333,4.19375,934
9.90476190476191,0.444444444444445,0,25.6,8.70175438596491,0,31.1538461538462,4.73684210526316,249.6,2.91666666666667,20.2222222222222,28.2333333333333,1.1,1417
8,0.615384615384615,20.625,28.8,5.43859649122807,3.63636363636364,24.2307692307692,4.79916897506925,241.8,2.81944444444444,19.4444444444444,40.3333333333333,2.13125,1708
10.2857142857143,1.09401709401709,0,28.8,8.70175438596491,0,33.4615384615385,4.54986149584488,483.6,4.18055555555556,17.1111111111111,32.2666666666667,3.3,1550
10.2857142857143,0.64957264957265,0,35.2,11.4210526315789,0,36.9230769230769,4.86149584487535,312,2.72222222222222,13.2222222222222,60.5,3.23125,1621
9.52380952380952,0.444444444444445,0,33.6,5.43859649122807,7.45454545454545,36.9230769230769,5.23545706371191,351,3.20833333333333,27.2222222222222,72.6,2.2,1519
10.2857142857143,1.2991452991453,0,30.4,16.859649122807,7.63636363636364,38.0769230769231,4.42520775623269,436.8,3.20833333333333,10.1111111111111,48.4,4.4,1307
4.95238095238095,1.2991452991453,0,32,14.140350877193,0,31.1538461538462,4.42520775623269,234,3.11111111111111,7,12.1,3.3,868
8.76190476190476,1.74358974358974,10.625,20.8,8.70175438596491,3.81818181818182,23.0769230769231,4.11357340720222,273,2.13888888888889,10.1111111111111,20.1666666666667,2.2,1435
8.76190476190476,1.05982905982906,20.625,25.6,2.71929824561404,7.27272727272727,20.7692307692308,4.2382271468144,257.4,2.43055555555556,10.1111111111111,12.1,2.13125,1779
8.38095238095238,0.82051282051282,10,32,13.5964912280702,18.1818181818182,33.4615384615385,4.11357340720222,397.8,3.98611111111111,13.2222222222222,24.2,3.1625,1674
7.61904761904762,1.05982905982906,10.625,32,16.859649122807,0,30,4.73684210526316,421.2,3.5,20.2222222222222,40.3333333333333,1.1,1709
8.76190476190476,0.64957264957265,0,32,14.140350877193,3.63636363636364,39.2307692307692,4.36288088642659,351,4.08333333333333,23.3333333333333,48.4,2.13125,1630
8.38095238095238,0.64957264957265,10.625,27.2,2.71929824561404,11.2727272727273,42.6923076923077,4.11357340720222,483.6,3.11111111111111,30.3333333333333,52.4333333333333,3.3,1282
6.85714285714286,0.64957264957265,10.625,25.6,16.859649122807,0,32.3076923076923,4.17590027700831,421.2,2.23611111111111,33.4444444444444,32.2666666666667,4.33125,1001
7.23809523809524,0.205128205128205,10.625,24,19.5789473684211,0,31.1538461538462,3.98891966759003,296.4,1.55555555555556,20.2222222222222,28.2333333333333,2.13125,1380
8.76190476190476,0.444444444444445,0,20.8,2.71929824561404,0,32.3076923076923,4.2382271468144,343.2,2.13888888888889,10.1111111111111,56.4666666666667,2.2,1820
7.23809523809524,1.2991452991453,10.625,30.4,8.70175438596491,3.81818181818182,48.4615384615385,4.2382271468144,460.2,3.98611111111111,7,52.4333333333333,2.2,1753
7.23809523809524,0.64957264957265,10.625,27.2,22.8421052631579,3.81818181818182,31.1538461538462,4.3005540166205,507,3.98611111111111,30.3333333333333,40.3333333333333,2.2,1775
7.61904761904762,1.09401709401709,10.625,33.6,14.140350877193,3.81818181818182,35.7692307692308,3.98891966759003,507,3.5,23.3333333333333,40.3333333333333,1.1,1879
9.90476190476191,0,0,32,5.98245614035088,3.81818181818182,40.3846153846154,3.55263157894737,553.8,3.20833333333333,34.2222222222222,56.4666666666667,1.1,1485
8.76190476190476,0.64957264957265,10.625,25.6,20.1228070175439,11.4545454545455,35.7692307692308,3.2409972299169,429,2.52777777777778,27.2222222222222,48.4,5.5,1029
6.85714285714286,0.64957264957265,10.625,20.8,8.70175438596491,3.81818181818182,28.8461538461538,3.98891966759003,218.4,2.13888888888889,21,28.2333333333333,0,1669
8.76190476190476,1.05982905982906,10.625,17.6,8.1578947368421,3.81818181818182,31.1538461538462,4.3005540166205,351,2.33333333333333,7,48.4,0,2189
8.76190476190476,0.444444444444445,0,32,5.43859649122807,0,42.6923076923077,3.98891966759003,390,3.20833333333333,17.1111111111111,32.2666666666667,2.2,2246
8.38095238095238,1.5042735042735,10.625,28.8,11.4210526315789,3.81818181818182,39.2307692307692,3.55263157894737,468,3.20833333333333,30.3333333333333,20.1666666666667,1.1,2275
9.90476190476191,1.33333333333333,0,30.4,5.98245614035088,7.63636363636364,39.2307692307692,3.92659279778393,436.8,4.56944444444444,24.1111111111111,48.4,4.4,2457
7.61904761904762,0.41025641025641,0,36.8,16.3157894736842,3.63636363636364,40.3846153846154,3.49030470914127,421.2,3.69444444444444,32.6666666666667,44.3666666666667,1.1,2031
6.47619047619048,0.64957264957265,0,32,14.140350877193,0,36.9230769230769,3.49030470914127,343.2,2.43055555555556,13.2222222222222,52.4333333333333,0,1504
9.14285714285714,1.26495726495727,0,20.8,8.1578947368421,7.45454545454545,25.3846153846154,3.86426592797784,312,2.81944444444444,13.2222222222222,8.06666666666667,2.13125,2385
7.61904761904762,0.854700854700855,10,22.4,5.43859649122807,11.0909090909091,19.6153846153846,3.67728531855956,327.6,2.91666666666667,19.4444444444444,28.2333333333333,1.03125,3191
8.38095238095238,1.2991452991453,31.875,38.4,16.859649122807,7.63636363636364,33.4615384615385,3.98891966759003,429,4.08333333333333,13.2222222222222,32.2666666666667,1.1,3417
7.23809523809524,0.854700854700855,0,30.4,16.859649122807,11.2727272727273,38.0769230769231,4.11357340720222,436.8,4.66666666666667,17.1111111111111,28.2333333333333,2.13125,3432
7.61904761904762,0.854700854700855,31.25,32,25.0175438596491,7.45454545454545,40.3846153846154,4.17590027700831,429,2.72222222222222,13.2222222222222,32.2666666666667,2.13125,3885
6.09523809523809,1.05982905982906,10.625,27.2,8.1578947368421,0,28.8461538461538,3.98891966759003,397.8,3.69444444444444,19.4444444444444,52.4333333333333,4.2625,3101
8,0.854700854700855,0,33.6,16.3157894736842,3.63636363636364,34.6153846153846,3.67728531855956,436.8,3.69444444444444,26.4444444444444,32.2666666666667,2.13125,2328
8,1.09401709401709,10.625,25.6,11.4210526315789,11.4545454545455,25.3846153846154,3.92659279778393,249.6,3.30555555555556,20.2222222222222,40.3333333333333,4.33125,3755
9.52380952380952,1.70940170940171,62.5,27.2,8.1578947368421,3.63636363636364,21.9230769230769,4.3005540166205,304.2,3.20833333333333,13.2222222222222,32.2666666666667,0,4942
9.90476190476191,0.854700854700855,31.25,40,8.1578947368421,7.45454545454545,36.9230769230769,3.67728531855956,397.8,2.81944444444444,10.1111111111111,68.5666666666667,1.03125,5395
10.2857142857143,0.64957264957265,0,44.8,8.70175438596491,7.45454545454545,33.4615384615385,3.80193905817175,319.8,3.01388888888889,17.1111111111111,68.5666666666667,3.23125,4225
9.52380952380952,1.05982905982906,20.625,44.8,25.0175438596491,3.63636363636364,30,3.98891966759003,265.2,2.91666666666667,13.2222222222222,68.5666666666667,4.2625,3574
10.6666666666667,0.64957264957265,10.625,41.6,8.70175438596491,3.81818181818182,35.7692307692308,3.98891966759003,296.4,3.20833333333333,13.2222222222222,108.9,4.33125,5017
8,0.888888888888889,21.25,41.6,14.140350877193,3.81818181818182,47.3076923076923,3.67728531855956,343.2,3.59722222222222,10.1111111111111,36.3,2.2,4689
11.8095238095238,0.888888888888889,10.625,36.8,5.43859649122807,3.81818181818182,21.9230769230769,4.17590027700831,234,1.16666666666667,17.1111111111111,56.4666666666667,0,7629
8.38095238095238,1.09401709401709,0,33.6,16.859649122807,7.45454545454545,24.2307692307692,3.73961218836565,312,1.26388888888889,13.2222222222222,48.4,1.1,9572
11.4285714285714,1.09401709401709,0,57.6,16.859649122807,3.81818181818182,62.3076923076923,3.92659279778393,382.2,2.33333333333333,17.1111111111111,96.8,1.1,10697
12.952380952381,0.444444444444445,0,44.8,11.4210526315789,3.81818181818182,46.1538461538462,3.49030470914127,312,2.625,20.2222222222222,108.9,3.3,10743
9.14285714285714,1.09401709401709,0,49.6,5.43859649122807,3.81818181818182,47.3076923076923,4.11357340720222,327.6,1.55555555555556,10.1111111111111,121,0,12339
11.8095238095238,0.854700854700855,21.25,41.6,5.43859649122807,7.63636363636364,24.2307692307692,3.80193905817175,296.4,2.43055555555556,3.11111111111111,72.6,0,10172
9.90476190476191,0.205128205128205,20.625,36.8,5.43859649122807,3.63636363636364,21.9230769230769,4.3005540166205,163.8,1.06944444444444,3.11111111111111,92.7666666666667,1.1,8391
13.3333333333333,0.444444444444445,0,27.2,11.4210526315789,0,27.6923076923077,3.61495844875346,273,1.36111111111111,0,72.6,1.1,12014
12.5714285714286,0.205128205128205,31.25,33.6,11.4210526315789,0,26.5384615384615,3.98891966759003,343.2,0.972222222222222,13.2222222222222,92.7666666666667,1.03125,14165
12.952380952381,0.82051282051282,30.625,52.8,27.1929824561404,7.27272727272727,33.4615384615385,3.1786703601108,358.8,2.23611111111111,6.22222222222222,104.866666666667,1.03125,15213
17.1428571428571,0.82051282051282,20,72,29.9122807017544,0,48.4615384615385,3.61495844875346,366.6,3.11111111111111,13.2222222222222,137.133333333333,3.09375,15634
22.0952380952381,1.26495726495727,0,68.8,8.1578947368421,3.63636363636364,56.5384615384615,3.61495844875346,351,2.81944444444444,23.3333333333333,173.433333333333,4.2625,15747
17.5238095238095,0.444444444444445,0,91.2,31,7.45454545454545,45,4.11357340720222,312,3.20833333333333,23.3333333333333,193.6,3.23125,14468
19.4285714285714,1.05982905982906,10.625,76.8,33.1754385964912,0,48.4615384615385,3.42797783933518,327.6,4.375,26.4444444444444,173.433333333333,6.4625,12068
22.0952380952381,0.854700854700855,0,70.4,28.280701754386,7.63636363636364,41.5384615384615,3.80193905817175,312,2.04166666666667,17.1111111111111,165.366666666667,3.23125,10570
22.8571428571429,1.5042735042735,10.625,97.6,28.280701754386,3.81818181818182,46.1538461538462,3.86426592797784,335.4,3.40277777777778,17.1111111111111,133.1,1.03125,15804
22.4761904761905,1.47008547008547,20.625,124.8,44.5964912280702,3.63636363636364,54.2307692307692,3.73961218836565,296.4,2.91666666666667,10.1111111111111,141.166666666667,3.1625,18889
19.4285714285714,2.32478632478632,10,126.4,35.8947368421053,7.27272727272727,60,3.86426592797784,335.4,2.625,19.4444444444444,266.2,5.29375,20362
22.0952380952381,2.35897435897436,0,121.6,31,0,71.5384615384615,4.05124653739612,351,3.20833333333333,23.3333333333333,258.133333333333,0,20148
23.6190476190476,2.32478632478632,0,139.2,33.1754385964912,3.63636363636364,64.6153846153846,4.05124653739612,312,2.72222222222222,20.2222222222222,225.866666666667,2.13125,17826
24,2.08547008547009,0,128,21.7543859649123,7.27272727272727,50.7692307692308,3.55263157894737,343.2,3.01388888888889,42.7777777777778,205.7,1.03125,14852
22.8571428571429,2.97435897435897,20.625,99.2,25.0175438596491,3.63636363636364,43.8461538461538,4.36288088642659,218.4,2.04166666666667,33.4444444444444,237.966666666667,0,19949
23.2380952380952,2.4957264957265,0,86.4,21.7543859649123,3.63636363636364,45,3.80193905817175,210.6,2.13888888888889,35.7777777777778,169.4,2.0625,23915
23.2380952380952,0.82051282051282,30,105.6,40.2456140350877,0,47.3076923076923,4.05124653739612,226.2,2.13888888888889,28.7777777777778,225.866666666667,2.0625,25148
24.3809523809524,2.08547008547009,0,150.4,49.4912280701754,7.27272727272727,49.6153846153846,3.73961218836565,234,2.23611111111111,42.7777777777778,254.1,3.1625,25870